trial,t_s,axis,commanded_m,rendered_m,error_m,pass,blocked,clamped,model_m
1,0.52,GT,118.5230,118.5230,0.0000,1,0,0,118.5230
1,0.52,TR,24.0140,24.0140,0.0000,1,0,0,24.0140
1,0.52,HO,33.0901,33.0901,0.0000,1,0,0,33.0901
2,1.04,GT,118.5950,118.5950,0.0000,1,0,0,118.5950
2,1.04,TR,24.2965,24.2965,0.0000,1,0,0,24.2965
2,1.04,HO,32.8570,32.8570,0.0000,1,0,0,32.8570
3,1.56,GT,118.7075,118.7075,0.0000,1,0,0,118.7075
3,1.56,TR,24.7356,24.7356,0.0000,1,0,0,24.7356
3,1.56,HO,32.4953,32.4953,0.0000,1,0,0,32.4953
4,2.08,GT,118.8597,118.8597,0.0000,1,0,0,118.8597
4,2.08,TR,25.3313,25.3313,0.0000,1,0,0,25.3313
4,2.08,HO,32.0045,32.0045,0.0000,1,0,0,32.0045
5,2.60,GT,119.0521,119.0521,0.0000,1,0,0,119.0521
5,2.60,TR,26.0832,26.0832,0.0000,1,0,0,26.0832
5,2.60,HO,31.3883,31.3883,0.0000,1,0,0,31.3883
6,3.12,GT,119.2837,119.2837,0.0000,1,0,0,119.2837
6,3.12,TR,26.9923,26.9923,0.0000,1,0,0,26.9923
6,3.12,HO,30.7279,30.7279,0.0000,1,0,0,30.7279
7,3.64,GT,119.5565,119.5565,0.0000,1,0,0,119.5565
7,3.64,TR,28.0570,28.0570,0.0000,1,0,0,28.0570
7,3.64,HO,30.0685,30.0685,0.0000,1,0,0,30.0685
8,4.16,GT,119.8688,119.8688,0.0000,1,0,0,119.8688
8,4.16,TR,29.2786,29.2786,0.0000,1,0,0,29.2786
8,4.16,HO,29.4081,29.4081,0.0000,1,0,0,29.4081
9,4.68,GT,120.2209,120.2209,0.0000,1,0,0,120.2209
9,4.68,TR,30.6562,30.6562,0.0000,1,0,0,30.6562
9,4.68,HO,28.7486,28.7486,0.0000,1,0,0,28.7486
10,5.20,GT,120.5993,120.5993,0.0000,1,0,0,120.5993
10,5.20,TR,32.1904,32.1904,0.0000,1,0,0,32.1904
10,5.20,HO,28.0883,28.0883,0.0000,1,0,0,28.0883
11,5.72,GT,120.9789,120.9789,0.0000,1,0,0,120.9789
11,5.72,TR,33.7771,33.7771,0.0000,1,0,0,33.7771
11,5.72,HO,27.4289,27.4289,0.0000,1,0,0,27.4289
12,6.24,GT,121.3585,121.3585,0.0000,1,0,0,121.3585
12,6.24,TR,35.2121,35.2121,0.0000,1,0,0,35.2121
12,6.24,HO,26.7684,26.7684,0.0000,1,0,0,26.7684
13,6.76,GT,121.7381,121.7381,0.0000,1,0,0,121.7381
13,6.76,TR,36.4888,36.4888,0.0000,1,0,0,36.4888
13,6.76,HO,26.1090,26.1090,0.0000,1,0,0,26.1090
14,7.28,GT,122.1178,122.1178,0.0000,1,0,0,122.1178
14,7.28,TR,37.6079,37.6079,0.0000,1,0,0,37.6079
14,7.28,HO,25.4486,25.4486,0.0000,1,0,0,25.4486
15,7.80,GT,122.4974,122.4974,0.0000,1,0,0,122.4974
15,7.80,TR,38.5668,38.5668,0.0000,1,0,0,38.5668
15,7.80,HO,24.7892,24.7892,0.0000,1,0,0,24.7892
16,8.32,GT,122.8770,122.8770,0.0000,1,0,0,122.8770
16,8.32,TR,39.3672,39.3672,0.0000,1,0,0,39.3672
16,8.32,HO,24.1288,24.1288,0.0000,1,0,0,24.1288
17,8.84,GT,123.2376,123.2376,0.0000,1,0,0,123.2376
17,8.84,TR,40.0071,40.0071,0.0000,1,0,0,40.0071
17,8.84,HO,23.4694,23.4694,0.0000,1,0,0,23.4694
18,9.36,GT,123.5587,123.5587,0.0000,1,0,0,123.5587
18,9.36,TR,40.4870,40.4870,0.0000,1,0,0,40.4870
18,9.36,HO,22.8090,22.8090,0.0000,1,0,0,22.8090
19,9.88,GT,123.8390,123.8390,0.0000,1,0,0,123.8390
19,9.88,TR,40.8044,40.8044,0.0000,1,0,0,40.8044
19,9.88,HO,22.1495,22.1495,0.0000,1,0,0,22.1495
20,10.40,GT,124.0783,124.0783,0.0000,1,0,0,124.0783
20,10.40,TR,40.9527,40.9527,0.0000,1,0,0,40.9527
20,10.40,HO,21.4891,21.4891,0.0000,1,0,0,21.4891
21,10.92,GT,124.2773,124.2773,0.0000,1,0,0,124.2773
21,10.92,TR,40.9610,40.9610,0.0000,1,0,0,40.9610
21,10.92,HO,20.8297,20.8297,0.0000,1,0,0,20.8297
22,11.44,GT,124.4350,124.4350,0.0000,1,0,0,124.4350
22,11.44,TR,40.9610,40.9610,0.0000,1,0,0,40.9610
22,11.44,HO,20.1718,20.1718,0.0000,1,0,0,20.1718
23,11.96,GT,124.5523,124.5523,0.0000,1,0,0,124.5523
23,11.96,TR,40.9610,40.9610,0.0000,1,0,0,40.9610
23,11.96,HO,19.6012,19.6012,0.0000,1,0,0,19.6012
24,12.48,GT,124.6269,124.6269,0.0000,1,0,0,124.6269
24,12.48,TR,40.9610,40.9610,0.0000,1,0,0,40.9610
24,12.48,HO,19.1593,19.1593,0.0000,1,0,0,19.1593
25,13.00,GT,124.6591,124.6591,0.0000,1,0,0,124.6591
25,13.00,TR,40.9610,40.9610,0.0000,1,0,0,40.9610
25,13.00,HO,18.8463,18.8463,0.0000,1,0,0,18.8463
26,13.52,GT,124.6600,124.6600,0.0000,1,0,0,124.6600
26,13.52,TR,40.9610,40.9610,0.0000,1,0,0,40.9610
26,13.52,HO,18.6624,18.6624,0.0000,1,0,0,18.6624
27,14.04,GT,124.6600,124.6600,0.0000,1,0,0,124.6600
27,14.04,TR,40.9610,40.9610,0.0000,1,0,0,40.9610
27,14.04,HO,18.6035,18.6035,0.0000,1,0,0,18.6035
28,14.56,GT,124.6600,124.6600,0.0000,1,0,0,124.6600
28,14.56,TR,40.9610,40.9610,0.0000,1,0,0,40.9610
28,14.56,HO,18.5146,18.5146,0.0000,1,0,0,18.5146
29,15.08,GT,124.6600,124.6600,0.0000,1,0,0,124.6600
29,15.08,TR,40.9610,40.9610,0.0000,1,0,0,40.9610
29,15.08,HO,18.2971,18.2971,0.0000,1,0,0,18.2971
30,15.60,GT,124.6600,124.6600,0.0000,1,0,0,124.6600
30,15.60,TR,40.9610,40.9610,0.0000,1,0,0,40.9610
30,15.60,HO,17.9497,17.9497,0.0000,1,0,0,17.9497
31,16.12,GT,124.6600,124.6600,0.0000,1,0,0,124.6600
31,16.12,TR,40.9610,40.9610,0.0000,1,0,0,40.9610
31,16.12,HO,17.4981,17.4981,0.0000,1,0,0,17.4981
32,16.64,GT,124.6600,124.6600,0.0000,1,0,0,124.6600
32,16.64,TR,40.9610,40.9610,0.0000,1,0,0,40.9610
32,16.64,HO,17.0363,17.0363,0.0000,1,0,0,17.0362
33,17.16,GT,124.6600,124.6600,0.0000,1,0,0,124.6600
33,17.16,TR,40.9610,40.9610,0.0000,1,0,0,40.9610
33,17.16,HO,16.5741,16.5741,0.0000,1,0,0,16.5741
34,17.68,GT,124.6600,124.6600,0.0000,1,0,0,124.6600
34,17.68,TR,40.9610,40.9610,0.0000,1,0,0,40.9610
34,17.68,HO,16.1116,16.1116,0.0000,1,0,0,16.1116
35,18.20,GT,124.6600,124.6600,0.0000,1,0,0,124.6600
35,18.20,TR,40.9610,40.9610,0.0000,1,0,0,40.9610
35,18.20,HO,15.6498,15.6498,0.0000,1,0,0,15.6498
36,18.72,GT,124.6600,124.6600,0.0000,1,0,0,124.6600
36,18.72,TR,40.9610,40.9610,0.0000,1,0,0,40.9610
36,18.72,HO,15.1880,15.1880,0.0000,1,0,0,15.1880
37,19.24,GT,124.6600,124.6600,0.0000,1,0,0,124.6600
37,19.24,TR,40.9610,40.9610,0.0000,1,0,0,40.9610
37,19.24,HO,14.7262,14.7262,0.0000,1,0,0,14.7262
38,19.76,GT,124.6600,124.6600,0.0000,1,0,0,124.6600
38,19.76,TR,40.9610,40.9610,0.0000,1,0,0,40.9610
38,19.76,HO,14.3283,14.3283,0.0000,1,0,0,14.3283
39,20.28,GT,124.6600,124.6600,0.0000,1,0,0,124.6600
39,20.28,TR,40.9610,40.9610,0.0000,1,0,0,40.9610
39,20.28,HO,14.0609,14.0609,0.0000,1,0,0,14.0609
40,20.80,GT,124.6600,124.6600,0.0000,1,0,0,124.6600
40,20.80,TR,40.9610,40.9610,0.0000,1,0,0,40.9610
40,20.80,HO,13.9302,13.9302,0.0000,1,0,0,13.9302
41,21.32,GT,124.6600,124.6600,0.0000,1,0,0,124.6600
41,21.32,TR,40.9610,40.9610,0.0000,1,0,0,40.9610
41,21.32,HO,13.9190,13.9190,0.0000,1,0,0,13.9190
42,21.84,GT,124.6600,124.6600,0.0000,1,0,0,124.6600
42,21.84,TR,40.9610,40.9610,0.0000,1,0,0,40.9610
42,21.84,HO,13.9190,13.9190,0.0000,1,0,0,13.9190
43,22.36,GT,124.6600,124.6600,0.0000,1,0,0,124.6600
43,22.36,TR,40.9610,40.9610,0.0000,1,0,0,40.9610
43,22.36,HO,13.9190,13.9190,0.0000,1,0,0,13.9190
44,22.88,GT,124.6600,124.6600,0.0000,1,0,0,124.6600
44,22.88,TR,40.9610,40.9610,0.0000,1,0,0,40.9610
44,22.88,HO,13.9321,13.9321,0.0000,1,0,0,13.9321
45,23.40,GT,124.6600,124.6600,0.0000,1,0,0,124.6600
45,23.40,TR,40.9610,40.9610,0.0000,1,0,0,40.9610
45,23.40,HO,14.0570,14.0570,0.0000,1,0,0,14.0570
46,23.92,GT,124.6600,124.6600,0.0000,1,0,0,124.6600
46,23.92,TR,40.9610,40.9610,0.0000,1,0,0,40.9610
46,23.92,HO,14.3099,14.3099,0.0000,1,0,0,14.3099
47,24.44,GT,124.6600,124.6600,0.0000,1,0,0,124.6600
47,24.44,TR,40.9610,40.9610,0.0000,1,0,0,40.9610
47,24.44,HO,14.6914,14.6914,0.0000,1,0,0,14.6914
48,24.96,GT,124.6600,124.6600,0.0000,1,0,0,124.6600
48,24.96,TR,40.9610,40.9610,0.0000,1,0,0,40.9610
48,24.96,HO,15.1517,15.1517,0.0000,1,0,0,15.1517
49,25.48,GT,124.6600,124.6600,0.0000,1,0,0,124.6600
49,25.48,TR,40.9610,40.9610,0.0000,1,0,0,40.9610
49,25.48,HO,15.6136,15.6136,0.0000,1,0,0,15.6136
50,26.00,GT,124.6600,124.6600,0.0000,1,0,0,124.6600
50,26.00,TR,40.9610,40.9610,0.0000,1,0,0,40.9610
50,26.00,HO,16.0762,16.0762,0.0000,1,0,0,16.0762
51,26.52,GT,124.6600,124.6600,0.0000,1,0,0,124.6600
51,26.52,TR,40.9610,40.9610,0.0000,1,0,0,40.9610
51,26.52,HO,16.5379,16.5379,0.0000,1,0,0,16.5379
52,27.04,GT,124.6600,124.6600,0.0000,1,0,0,124.6600
52,27.04,TR,40.9610,40.9610,0.0000,1,0,0,40.9610
52,27.04,HO,17.0000,17.0000,0.0000,1,0,0,17.0000
53,27.56,GT,124.6600,124.6600,0.0000,1,0,0,124.6600
53,27.56,TR,40.9610,40.9610,0.0000,1,0,0,40.9610
53,27.56,HO,17.4618,17.4618,0.0000,1,0,0,17.4618
54,28.08,GT,124.6600,124.6600,0.0000,1,0,0,124.6600
54,28.08,TR,40.9610,40.9610,0.0000,1,0,0,40.9610
54,28.08,HO,17.9104,17.9104,0.0000,1,0,0,17.9104
55,28.60,GT,124.6600,124.6600,0.0000,1,0,0,124.6600
55,28.60,TR,40.9610,40.9610,0.0000,1,0,0,40.9610
55,28.60,HO,18.2483,18.2483,0.0000,1,0,0,18.2483
56,29.12,GT,124.6600,124.6600,0.0000,1,0,0,124.6600
56,29.12,TR,40.9610,40.9610,0.0000,1,0,0,40.9610
56,29.12,HO,18.4573,18.4573,0.0000,1,0,0,18.4573
57,29.64,GT,124.6600,124.6600,0.0000,1,0,0,124.6600
57,29.64,TR,40.9610,40.9610,0.0000,1,0,0,40.9610
57,29.64,HO,18.5480,18.5480,0.0000,1,0,0,18.5480
58,30.16,GT,124.6600,124.6600,0.0000,1,0,0,124.6600
58,30.16,TR,40.9101,40.9101,0.0000,1,0,0,40.9101
58,30.16,HO,18.5510,18.5510,0.0000,1,0,0,18.5510
59,30.68,GT,124.6600,124.6600,0.0000,1,0,0,124.6600
59,30.68,TR,40.7059,40.7059,0.0000,1,0,0,40.7059
59,30.68,HO,18.5510,18.5510,0.0000,1,0,0,18.5510
60,31.20,GT,124.6600,124.6600,0.0000,1,0,0,124.6600
60,31.20,TR,40.3448,40.3448,0.0000,1,0,0,40.3448
60,31.20,HO,18.5510,18.5510,0.0000,1,0,0,18.5510
61,31.72,GT,124.6600,124.6600,0.0000,1,0,0,124.6600
61,31.72,TR,39.8265,39.8265,0.0000,1,0,0,39.8265
61,31.72,HO,18.5510,18.5510,0.0000,1,0,0,18.5510
62,32.24,GT,124.6600,124.6600,0.0000,1,0,0,124.6600
62,32.24,TR,39.1526,39.1526,0.0000,1,0,0,39.1526
62,32.24,HO,18.5510,18.5510,0.0000,1,0,0,18.5510
63,32.76,GT,124.6600,124.6600,0.0000,1,0,0,124.6600
63,32.76,TR,38.3220,38.3220,0.0000,1,0,0,38.3220
63,32.76,HO,18.5510,18.5510,0.0000,1,0,0,18.5510
64,33.28,GT,124.6600,124.6600,0.0000,1,0,0,124.6600
64,33.28,TR,37.3355,37.3355,0.0000,1,0,0,37.3355
64,33.28,HO,18.5510,18.5510,0.0000,1,0,0,18.5510
65,33.80,GT,124.6600,124.6600,0.0000,1,0,0,124.6600
65,33.80,TR,36.1925,36.1925,0.0000,1,0,0,36.1925
65,33.80,HO,18.5510,18.5510,0.0000,1,0,0,18.5510
66,34.32,GT,124.6600,124.6600,0.0000,1,0,0,124.6600
66,34.32,TR,34.9437,34.9437,0.0000,1,0,0,34.9437
66,34.32,HO,18.5510,18.5510,0.0000,1,0,0,18.5510
67,34.84,GT,124.6600,124.6600,0.0000,1,0,0,124.6600
67,34.84,TR,33.8237,33.8237,0.0000,1,0,0,33.8237
67,34.84,HO,18.5510,18.5510,0.0000,1,0,0,18.5510
68,35.36,GT,124.6600,124.6600,0.0000,1,0,0,124.6600
68,35.36,TR,32.8629,32.8629,0.0000,1,0,0,32.8629
68,35.36,HO,18.5510,18.5510,0.0000,1,0,0,18.5510
69,35.88,GT,124.6600,124.6600,0.0000,1,0,0,124.6600
69,35.88,TR,32.0602,32.0602,0.0000,1,0,0,32.0602
69,35.88,HO,18.5510,18.5510,0.0000,1,0,0,18.5510
70,36.40,GT,124.6600,124.6600,0.0000,1,0,0,124.6600
70,36.40,TR,31.4185,31.4185,0.0000,1,0,0,31.4185
70,36.40,HO,18.5510,18.5510,0.0000,1,0,0,18.5510
71,36.92,GT,124.6600,124.6600,0.0000,1,0,0,124.6600
71,36.92,TR,30.9374,30.9374,0.0000,1,0,0,30.9374
71,36.92,HO,18.5510,18.5510,0.0000,1,0,0,18.5510
72,37.44,GT,124.6600,124.6600,0.0000,1,0,0,124.6600
72,37.44,TR,30.6186,30.6186,0.0000,1,0,0,30.6186
72,37.44,HO,18.5510,18.5510,0.0000,1,0,0,18.5510
73,37.96,GT,124.6600,124.6600,0.0000,1,0,0,124.6600
73,37.96,TR,30.4680,30.4680,0.0000,1,0,0,30.4680
73,37.96,HO,18.5510,18.5510,0.0000,1,0,0,18.5510
74,38.48,GT,118.5102,118.5102,0.0000,1,0,0,118.5102
74,38.48,TR,23.9640,23.9640,0.0000,1,0,0,23.9640
74,38.48,HO,33.1314,33.1314,0.0000,1,0,0,33.1314
75,39.00,GT,118.5715,118.5715,0.0000,1,0,0,118.5715
75,39.00,TR,24.2042,24.2042,0.0000,1,0,0,24.2042
75,39.00,HO,32.9330,32.9330,0.0000,1,0,0,32.9330
76,39.52,GT,118.6731,118.6731,0.0000,1,0,0,118.6731
76,39.52,TR,24.6015,24.6015,0.0000,1,0,0,24.6015
76,39.52,HO,32.6055,32.6055,0.0000,1,0,0,32.6055
77,40.04,GT,118.8144,118.8144,0.0000,1,0,0,118.8144
77,40.04,TR,25.1555,25.1555,0.0000,1,0,0,25.1555
77,40.04,HO,32.1494,32.1494,0.0000,1,0,0,32.1494
78,40.56,GT,118.9962,118.9961,0.0000,1,0,0,118.9961
78,40.56,TR,25.8651,25.8651,0.0000,1,0,0,25.8651
78,40.56,HO,31.5647,31.5647,0.0000,1,0,0,31.5647
79,41.08,GT,119.2172,119.2172,0.0000,1,0,0,119.2172
79,41.08,TR,26.7313,26.7313,0.0000,1,0,0,26.7313
79,41.08,HO,30.9062,30.9062,0.0000,1,0,0,30.9062
80,41.60,GT,119.4792,119.4792,0.0000,1,0,0,119.4792
80,41.60,TR,27.7536,27.7536,0.0000,1,0,0,27.7536
80,41.60,HO,30.2459,30.2459,0.0000,1,0,0,30.2459
81,42.12,GT,119.7804,119.7804,0.0000,1,0,0,119.7803
81,42.12,TR,28.9340,28.9340,0.0000,1,0,0,28.9340
81,42.12,HO,29.5864,29.5864,0.0000,1,0,0,29.5864
82,42.64,GT,120.1217,120.1217,0.0000,1,0,0,120.1217
82,42.64,TR,30.2690,30.2690,0.0000,1,0,0,30.2690
82,42.64,HO,28.9260,28.9260,0.0000,1,0,0,28.9260
83,43.16,GT,120.4968,120.4968,0.0000,1,0,0,120.4968
83,43.16,TR,31.7616,31.7616,0.0000,1,0,0,31.7616
83,43.16,HO,28.2666,28.2666,0.0000,1,0,0,28.2666
84,43.68,GT,120.8764,120.8764,0.0000,1,0,0,120.8764
84,43.68,TR,33.3628,33.3628,0.0000,1,0,0,33.3628
84,43.68,HO,27.6062,27.6062,0.0000,1,0,0,27.6062
85,44.20,GT,121.2561,121.2561,0.0000,1,0,0,121.2561
85,44.20,TR,34.8408,34.8408,0.0000,1,0,0,34.8408
85,44.20,HO,26.9467,26.9467,0.0000,1,0,0,26.9467
86,44.72,GT,121.6357,121.6357,0.0000,1,0,0,121.6357
86,44.72,TR,36.1596,36.1596,0.0000,1,0,0,36.1596
86,44.72,HO,26.2866,26.2866,0.0000,1,0,0,26.2866
87,45.24,GT,122.0153,122.0153,0.0000,1,0,0,122.0153
87,45.24,TR,37.3203,37.3203,0.0000,1,0,0,37.3203
87,45.24,HO,25.6269,25.6269,0.0000,1,0,0,25.6269
88,45.76,GT,122.3949,122.3949,0.0000,1,0,0,122.3949
88,45.76,TR,38.3231,38.3231,0.0000,1,0,0,38.3231
88,45.76,HO,24.9665,24.9665,0.0000,1,0,0,24.9665
89,46.28,GT,122.7745,122.7745,0.0000,1,0,0,122.7745
89,46.28,TR,39.1667,39.1667,0.0000,1,0,0,39.1667
89,46.28,HO,24.3071,24.3071,0.0000,1,0,0,24.3071
90,46.80,GT,123.1445,123.1445,0.0000,1,0,0,123.1445
90,46.80,TR,39.8510,39.8510,0.0000,1,0,0,39.8510
90,46.80,HO,23.6468,23.6468,0.0000,1,0,0,23.6468
91,47.32,GT,123.4758,123.4758,0.0000,1,0,0,123.4758
91,47.32,TR,40.3740,40.3740,0.0000,1,0,0,40.3740
91,47.32,HO,22.9872,22.9872,0.0000,1,0,0,22.9872
92,47.84,GT,123.7669,123.7669,0.0000,1,0,0,123.7669
92,47.84,TR,40.7349,40.7349,0.0000,1,0,0,40.7349
92,47.84,HO,22.3273,22.3273,0.0000,1,0,0,22.3273
93,48.36,GT,124.0174,124.0174,0.0000,1,0,0,124.0174
93,48.36,TR,40.9294,40.9294,0.0000,1,0,0,40.9294
93,48.36,HO,21.6674,21.6674,0.0000,1,0,0,21.6674
94,48.88,GT,124.2272,124.2272,0.0000,1,0,0,124.2272
94,48.88,TR,40.9610,40.9610,0.0000,1,0,0,40.9610
94,48.88,HO,21.0070,21.0070,0.0000,1,0,0,21.0070
95,49.40,GT,124.3967,124.3967,0.0000,1,0,0,124.3967
95,49.40,TR,40.9610,40.9610,0.0000,1,0,0,40.9610
95,49.40,HO,20.3476,20.3476,0.0000,1,0,0,20.3476
96,49.92,GT,124.5250,124.5250,0.0000,1,0,0,124.5250
96,49.92,TR,40.9610,40.9610,0.0000,1,0,0,40.9610
96,49.92,HO,19.7423,19.7423,0.0000,1,0,0,19.7423
97,50.44,GT,124.6110,124.6110,0.0000,1,0,0,124.6110
97,50.44,TR,40.9610,40.9610,0.0000,1,0,0,40.9610
97,50.44,HO,19.2657,19.2657,0.0000,1,0,0,19.2657
98,50.96,GT,124.6548,124.6548,0.0000,1,0,0,124.6548
98,50.96,TR,40.9610,40.9610,0.0000,1,0,0,40.9610
98,50.96,HO,18.9179,18.9179,0.0000,1,0,0,18.9179
99,51.48,GT,124.6600,124.6600,0.0000,1,0,0,124.6600
99,51.48,TR,40.9610,40.9610,0.0000,1,0,0,40.9610
99,51.48,HO,18.6992,18.6992,0.0000,1,0,0,18.6992
100,52.00,GT,124.6600,124.6600,0.0000,1,0,0,124.6600
100,52.00,TR,40.9610,40.9610,0.0000,1,0,0,40.9610
100,52.00,HO,18.6087,18.6087,0.0000,1,0,0,18.6087
