t_ms,GT_Position,GT_Velocity,GT_Direction,GT_Running,GT_Brake_Released,GT_Motor_Alarm,TR_Position,TR_Velocity,TR_Direction,TR_Running,TR_Brake_Released,TR_Motor_Alarm,HO_Position,HO_Velocity,HO_Direction,HO_Load,HO_Overload_Alarm,HO_Snag_Alarm,HO_Running,HO_Brake_Released,HO_Motor_Alarm,SP_Mode,SP_TwistLock_Locked,SP_TwistLock_Unlocked,SP_Landed,SP_Container_Detected,SP_Mismatch_Alarm,SP_Telescopic_Position,OP_Mode,OP_Power_On,OP_Ready,OP_Running,OP_Standby,OP_Emergency_Stop,OP_AntiSway_Active,OP_Cycle_Count_Today,ENV_Wind_Speed,ENV_Wind_Direction,ENV_Wind_Alarm,ALM_Active,ALM_Latest_Code,ALM_Latest_Severity,ALM_Latest_Source,COM_Link_Status
0,118.489,0.0,0,0,0,0,23.88,0.0,0,0,0,0,33.2,0.0,0,0.0,0,0,0,0,0,1,0,1,0,0,0,12192.0,0,1,0,0,1,0,1,0,7.6,271.3,0,0,0,0,0,1
100,118.489,0.0,0,0,0,0,23.88,0.0,0,0,0,0,33.2,0.0,0,0.0,0,0,0,0,0,1,0,1,0,0,0,12192.0,0,1,0,0,1,0,1,0,7.8,268.0,0,0,0,0,0,1
200,118.489,0.0,0,0,0,0,23.88,0.0,0,0,0,0,33.2,0.0,0,0.0,0,0,0,0,0,1,0,1,0,0,0,12192.0,0,1,0,0,1,0,1,0,7.5,268.5,0,0,0,0,0,1
300,118.489,0.0,0,0,0,0,23.88,0.0,0,0,0,0,33.2,0.0,0,0.0,0,0,0,0,0,1,0,1,0,0,0,12192.0,0,1,0,0,1,0,1,0,8.8,271.3,0,0,0,0,0,1
400,118.489,0.0,0,0,0,0,23.88,0.0,0,0,0,0,33.2,0.0,0,0.0,0,0,0,0,0,1,0,1,0,0,0,12192.0,0,1,0,0,1,0,1,0,7.9,264.5,0,0,0,0,0,1
500,118.489,0.0,0,0,0,0,23.88,0.0,0,0,0,0,33.2,0.0,0,0.0,0,0,0,0,0,1,0,1,0,0,0,12192.0,0,1,0,0,1,0,1,0,8.1,266.4,0,0,0,0,0,1
600,118.489,0.0,0,0,0,0,23.88,0.0,0,0,0,0,33.2,0.0,0,0.0,0,0,0,0,0,1,0,1,0,0,0,12192.0,0,1,0,0,1,0,1,0,8.2,268.4,0,0,0,0,0,1
700,118.489,0.0,0,0,0,0,23.88,0.0,0,0,0,0,33.2,0.0,0,0.0,0,0,0,0,0,1,0,1,0,0,0,12192.0,0,1,0,0,1,0,1,0,7.3,269.9,0,0,0,0,0,1
800,118.489,0.0,0,0,0,0,23.88,0.0,0,0,0,0,33.2,0.0,0,0.0,0,0,0,0,0,1,0,1,0,0,0,12192.0,0,1,0,0,1,0,1,0,8.4,269.8,0,0,0,0,0,1
900,118.489,0.0,0,0,0,0,23.88,0.0,0,0,0,0,33.2,0.0,0,0.0,0,0,0,0,0,1,0,1,0,0,0,12192.0,0,1,0,0,1,0,1,0,8.8,267.5,0,0,0,0,0,1
1000,118.489,0.0,0,0,0,0,23.88,0.0,0,0,0,0,33.2,0.0,0,0.0,0,0,0,0,0,1,0,1,0,0,0,12192.0,0,1,0,0,1,0,1,0,8.2,270.7,0,0,0,0,0,1
1100,118.489,0.0,0,0,0,0,23.88,0.0,0,0,0,0,33.2,0.0,0,0.0,0,0,0,0,0,1,0,1,0,0,0,12192.0,0,1,0,0,1,0,1,0,8.6,268.5,0,0,0,0,0,1
1200,118.489,0.0,0,0,0,0,23.88,0.0,0,0,0,0,33.2,0.0,0,0.0,0,0,0,0,0,1,0,1,0,0,0,12192.0,0,1,0,0,1,0,1,0,8.3,269.5,0,0,0,0,0,1
1300,118.489,0.0,0,0,0,0,23.88,0.0,0,0,0,0,33.2,0.0,0,0.0,0,0,0,0,0,1,0,1,0,0,0,12192.0,0,1,0,0,1,0,1,0,8.1,269.1,0,0,0,0,0,1
1400,118.489,0.0,0,0,0,0,23.88,0.0,0,0,0,0,33.2,0.0,0,0.0,0,0,0,0,0,1,0,1,0,0,0,12192.0,0,1,0,0,1,0,1,0,8.4,271.4,0,0,0,0,0,1
1500,118.489,0.0,0,0,0,0,23.88,0.0,0,0,0,0,33.2,0.0,0,0.0,0,0,0,0,0,1,0,1,0,0,0,12192.0,0,1,0,0,1,0,1,0,9.4,271.1,0,0,0,0,0,1
1600,118.489,0.0,0,0,0,0,23.88,0.0,0,0,0,0,33.2,0.0,0,0.0,0,0,0,0,0,1,0,1,0,0,0,12192.0,0,1,0,0,1,0,1,0,8.5,269.8,0,0,0,0,0,1
1700,118.489,0.0,0,0,0,0,23.88,0.0,0,0,0,0,33.2,0.0,0,0.0,0,0,0,0,0,1,0,1,0,0,0,12192.0,0,1,0,0,1,0,1,0,7.9,268.0,0,0,0,0,0,1
1800,118.489,0.0,0,0,0,0,23.88,0.0,0,0,0,0,33.2,0.0,0,0.0,0,0,0,0,0,1,0,1,0,0,0,12192.0,0,1,0,0,1,0,1,0,8.9,275.5,0,0,0,0,0,1
1900,118.489,0.0,0,0,0,0,23.88,0.0,0,0,0,0,33.2,0.0,0,0.0,0,0,0,0,0,1,0,1,0,0,0,12192.0,0,1,0,0,1,0,1,0,8.9,267.4,0,0,0,0,0,1
2000,118.489,0.0,0,0,0,0,23.88,0.0,0,0,0,0,33.2,0.0,0,0.0,0,0,0,0,0,1,0,1,0,0,0,12192.0,0,1,0,0,1,0,1,0,8.9,269.9,0,0,0,0,0,1
2100,118.489,0.0,0,0,0,0,23.88,0.0,0,0,0,0,33.2,0.0,0,0.0,0,0,0,0,0,1,0,1,0,0,0,12192.0,0,1,0,0,1,0,1,0,9.0,270.6,0,0,0,0,0,1
2200,118.489,0.0,0,0,0,0,23.88,0.0,0,0,0,0,33.2,0.0,0,0.0,0,0,0,0,0,1,0,1,0,0,0,12192.0,0,1,0,0,1,0,1,0,9.0,275.5,0,0,0,0,0,1
2300,118.489,0.0,0,0,0,0,23.88,0.0,0,0,0,0,33.2,0.0,0,0.0,0,0,0,0,0,1,0,1,0,0,0,12192.0,0,1,0,0,1,0,1,0,8.9,271.5,0,0,0,0,0,1
2400,118.489,0.0,0,0,0,0,23.88,0.0,0,0,0,0,33.2,0.0,0,0.0,0,0,0,0,0,1,0,1,0,0,0,12192.0,0,1,0,0,1,0,1,0,8.7,269.5,0,0,0,0,0,1
2500,118.489,0.0,0,0,0,0,23.88,0.0,0,0,0,0,33.2,0.0,0,0.0,0,0,0,0,0,1,0,1,0,0,0,12192.0,0,1,0,0,1,0,1,0,9.1,271.6,0,0,0,0,0,1
2600,118.489,0.0,0,0,0,0,23.88,0.0,0,0,0,0,33.2,0.0,0,0.0,0,0,0,0,0,1,0,1,0,0,0,12192.0,0,1,0,0,1,0,1,0,8.5,270.4,0,0,0,0,0,1
2700,118.489,0.0,0,0,0,0,23.88,0.0,0,0,0,0,33.2,0.0,0,0.0,0,0,0,0,0,1,0,1,0,0,0,12192.0,0,1,0,0,1,0,1,0,8.2,265.8,0,0,0,0,0,1
2800,118.489,0.0,0,0,0,0,23.88,0.0,0,0,0,0,33.2,0.0,0,0.0,0,0,0,0,0,1,0,1,0,0,0,12192.0,0,1,0,0,1,0,1,0,8.8,270.4,0,0,0,0,0,1
2900,118.489,0.0,0,0,0,0,23.88,0.0,0,0,0,0,33.2,0.0,0,0.0,0,0,0,0,0,1,0,1,0,0,0,12192.0,0,1,0,0,1,0,1,0,8.9,272.0,0,0,0,0,0,1
3000,118.489,0.0,0,0,0,0,23.88,0.0,0,0,0,0,33.2,0.0,0,0.0,0,0,0,0,0,1,0,1,0,0,0,12192.0,0,1,0,0,1,0,1,0,8.3,268.4,0,0,0,0,0,1
3100,118.489,0.0,0,0,0,0,23.88,0.0,0,0,0,0,33.2,0.0,0,0.0,0,0,0,0,0,1,0,1,0,0,0,12192.0,0,1,0,0,1,0,1,0,8.6,269.0,0,0,0,0,0,1
3200,118.489,0.0,0,0,0,0,23.88,0.0,0,0,0,0,33.2,0.0,0,0.0,0,0,0,0,0,1,0,1,0,0,0,12192.0,0,1,0,0,1,0,1,0,8.7,269.0,0,0,0,0,0,1
3300,118.489,0.0,0,0,0,0,23.88,0.0,0,0,0,0,33.2,0.0,0,0.0,0,0,0,0,0,1,0,1,0,0,0,12192.0,0,1,0,0,1,0,1,0,8.7,271.1,0,0,0,0,0,1
3400,118.489,0.0,0,0,0,0,23.88,0.0,0,0,0,0,33.2,0.0,0,0.0,0,0,0,0,0,1,0,1,0,0,0,12192.0,0,1,0,0,1,0,1,0,7.5,268.1,0,0,0,0,0,1
3500,118.489,0.0,0,0,0,0,23.88,0.0,0,0,0,0,33.2,0.0,0,0.0,0,0,0,0,0,1,0,1,0,0,0,12192.0,0,1,0,0,1,0,1,0,8.9,272.2,0,0,0,0,0,1
3600,118.489,0.0,0,0,0,0,23.88,0.0,0,0,0,0,33.2,0.0,0,0.0,0,0,0,0,0,1,0,1,0,0,0,12192.0,0,1,1,0,1,0,1,0,7.6,270.7,0,0,0,0,0,1
3700,118.489,0.0,0,0,0,0,23.88,0.0,0,0,0,0,33.2,0.0,0,0.0,0,0,0,0,0,1,0,1,0,0,0,12192.0,0,1,1,0,1,0,1,0,8.3,275.4,0,0,0,0,0,1
3800,118.489,0.0,0,0,0,0,23.88,0.0,0,0,0,0,33.2,0.0,0,0.0,0,0,0,0,0,1,0,1,0,0,0,12192.0,0,1,1,0,1,0,1,0,8.1,272.2,0,0,0,0,0,1
3900,118.489,0.0,0,0,0,0,23.88,0.0,0,0,0,0,33.2,0.0,0,0.0,0,0,0,0,0,1,0,1,0,0,0,12192.0,0,1,1,0,1,0,1,0,7.7,270.0,0,0,0,0,0,1
4000,118.489,0.0,0,0,0,0,23.88,0.0,0,0,0,0,33.2,0.0,0,0.0,0,0,0,0,0,1,0,1,0,0,0,12192.0,0,1,1,0,1,0,1,0,8.0,265.6,0,0,0,0,0,1
4100,118.489,0.0,0,0,0,0,23.88,0.0,0,0,0,0,33.2,0.0,0,0.0,0,0,0,0,0,1,0,1,0,0,0,12192.0,0,1,1,0,1,0,1,0,8.4,269.3,0,0,0,0,0,1
4200,118.489,0.0,0,0,0,0,23.88,0.0,0,0,0,0,33.2,0.0,0,0.0,0,0,0,0,0,1,0,1,0,0,0,12192.0,0,1,1,0,1,0,1,0,8.4,273.9,0,0,0,0,0,1
4300,118.489,0.0,0,0,0,0,23.88,0.0,0,0,0,0,33.2,0.0,0,0.0,0,0,0,0,0,1,0,1,0,0,0,12192.0,0,1,1,0,1,0,1,0,8.2,268.1,0,0,0,0,0,1
4400,118.489,0.0,0,0,0,0,23.88,0.0,0,0,0,0,33.2,0.0,0,0.0,0,0,0,0,0,1,0,1,0,0,0,12192.0,0,1,1,0,1,0,1,0,8.7,266.6,0,0,0,0,0,1
4500,118.489,0.0,0,0,0,0,23.88,0.0,0,0,0,0,33.2,0.0,0,0.0,0,0,0,0,0,1,0,1,0,0,0,12192.0,0,1,1,0,1,0,1,0,8.2,270.5,0,0,0,0,0,1
4600,118.489,0.0,0,0,0,0,23.88,0.0,0,0,0,0,33.2,0.0,0,0.0,0,0,0,0,0,1,0,1,0,0,0,12192.0,0,1,1,0,1,0,1,0,8.7,272.8,0,0,0,0,0,1
4700,118.489,0.0,0,0,0,0,23.88,0.0,0,0,0,0,33.2,0.0,0,0.0,0,0,0,0,0,1,0,1,0,0,0,12192.0,0,1,1,0,1,0,1,0,8.1,268.6,0,0,0,0,0,1
4800,118.489,0.0,0,0,0,0,23.88,0.0,0,0,0,0,33.2,0.0,0,0.0,0,0,0,0,0,1,0,1,0,0,0,12192.0,0,1,1,0,1,0,1,0,8.1,268.9,0,0,0,0,0,1
4900,118.489,0.0,0,0,0,0,23.88,0.0,0,0,0,0,33.2,0.0,0,0.0,0,0,0,0,0,1,0,1,0,0,0,12192.0,0,1,1,0,1,0,1,0,7.3,270.6,0,0,0,0,0,1
5000,118.489,0.0,0,0,0,0,23.88,0.0,0,0,0,0,33.2,0.0,0,0.0,0,0,0,0,0,1,0,1,0,0,0,12192.0,0,1,1,0,1,0,1,0,7.6,269.4,0,0,0,0,0,1
5100,118.489,0.0,0,0,0,0,23.88,0.0,0,0,0,0,33.2,0.0,0,0.0,0,0,0,0,0,1,0,1,0,0,0,12192.0,0,1,1,0,1,0,1,0,8.6,271.9,0,0,0,0,0,1
5200,118.489,0.0,0,0,0,0,23.88,0.0,0,0,0,0,33.2,0.0,0,0.0,0,0,0,0,0,1,0,1,0,0,0,12192.0,0,1,1,0,1,0,1,0,7.8,267.1,0,0,0,0,0,1
5300,118.489,0.0,0,0,0,0,23.88,0.0,0,0,0,0,33.2,0.0,0,0.0,0,0,0,0,0,1,0,1,0,0,0,12192.0,0,1,1,0,1,0,1,0,7.3,266.2,0,0,0,0,0,1
5400,118.489,0.0,0,0,0,0,23.88,0.0,0,0,0,0,33.2,0.0,0,0.0,0,0,0,0,0,1,0,1,0,0,0,12192.0,0,1,1,0,1,0,1,0,8.0,270.7,0,0,0,0,0,1
5500,118.489,0.0,0,0,0,0,23.88,0.0,0,0,0,0,33.2,0.0,0,0.0,0,0,0,0,0,1,0,1,0,0,0,12192.0,0,1,1,0,1,0,1,0,7.5,266.5,0,0,0,0,0,1
5600,118.489,0.0,0,0,0,0,23.88,0.0,0,0,0,0,33.2,0.0,0,0.0,0,0,0,0,0,1,0,1,0,0,0,12192.0,0,1,1,0,1,0,1,0,7.3,270.5,0,0,0,0,0,1
5700,118.489,0.0,0,0,0,0,23.88,0.0,0,0,0,0,33.2,0.0,0,0.0,0,0,0,0,0,1,0,1,0,0,0,12192.0,0,1,1,0,1,0,1,0,7.9,270.8,0,0,0,0,0,1
